DIS-ID-NAME,DIS-ID,RADIO-ID,FREQUENCY-NAME,FREQUENCY,PTT-ON,PTT-OFF,PTT-DURATION,DAC-SAMPLES,VAD,FILENAME,TRUNCATED?,CONTENT?
"2","13000:2:2",1,"",240800000,00:00:10.086,00:00:11.862,1.777,1.776,1.000,=HYPERLINK("au_TACT+15Mission1\network_240800000_13000_2_2_1_10.086s.au"),0,1
"3","13000:3:3",1,"",240800000,00:00:12.163,00:00:12.854,0.692,0.688,1.000,=HYPERLINK("au_TACT+15Mission1\network_240800000_13000_3_3_1_12.163s.au"),0,1
"2","13000:2:2",1,"",240800000,00:00:12.756,00:00:13.234,0.478,0.480,1.000,=HYPERLINK("au_TACT+15Mission1\network_240800000_13000_2_2_1_12.757s.au"),0,1
"2","13000:2:2",1,"",240800000,00:00:27.933,00:00:29.233,1.301,1.296,1.000,=HYPERLINK("au_TACT+15Mission1\network_240800000_13000_2_2_1_27.933s.au"),0,1
"2","13000:2:2",1,"",240800000,00:00:34.465,00:00:37.696,3.231,3.232,1.000,=HYPERLINK("au_TACT+15Mission1\network_240800000_13000_2_2_1_34.466s.au"),0,1
"3","13000:3:3",1,"",240800000,00:00:36.726,00:00:38.259,1.534,1.536,1.000,=HYPERLINK("au_TACT+15Mission1\network_240800000_13000_3_3_1_36.726s.au"),0,1
"3","13000:3:3",1,"",240800000,00:00:39.814,00:00:42.131,2.317,2.320,1.000,=HYPERLINK("au_TACT+15Mission1\network_240800000_13000_3_3_1_39.815s.au"),0,1
"3","13000:3:3",1,"",240800000,00:00:44.863,00:00:46.998,2.134,2.128,1.000,=HYPERLINK("au_TACT+15Mission1\network_240800000_13000_3_3_1_44.864s.au"),0,1
"2","13000:2:2",1,"",240800000,00:00:50.333,00:00:51.796,1.463,1.456,1.000,=HYPERLINK("au_TACT+15Mission1\network_240800000_13000_2_2_1_50.333s.au"),0,1
"3","13000:3:3",1,"",240800000,00:00:52.675,00:00:53.936,1.260,1.264,1.000,=HYPERLINK("au_TACT+15Mission1\network_240800000_13000_3_3_1_52.676s.au"),0,1
"2","13000:2:2",1,"",240800000,00:00:55.605,00:01:00.562,4.957,4.960,1.000,=HYPERLINK("au_TACT+15Mission1\network_240800000_13000_2_2_1_55.606s.au"),0,1
"3","13000:3:3",1,"",240800000,00:01:03.464,00:01:05.008,1.544,1.552,1.000,=HYPERLINK("au_TACT+15Mission1\network_240800000_13000_3_3_1_63.464s.au"),0,1
"2","13000:2:2",1,"",240800000,00:01:11.309,00:01:12.499,1.189,1.184,1.000,=HYPERLINK("au_TACT+15Mission1\network_240800000_13000_2_2_1_71.310s.au"),0,1
"3","13000:3:3",1,"",240800000,00:01:11.540,00:01:12.768,1.229,1.232,1.000,=HYPERLINK("au_TACT+15Mission1\network_240800000_13000_3_3_1_71.540s.au"),0,1
"2","13000:2:2",1,"",240800000,00:01:16.980,00:01:18.228,1.249,1.248,1.000,=HYPERLINK("au_TACT+15Mission1\network_240800000_13000_2_2_1_76.980s.au"),0,1
"3","13000:3:3",1,"",240800000,00:01:18.744,00:01:19.778,1.035,1.040,1.000,=HYPERLINK("au_TACT+15Mission1\network_240800000_13000_3_3_1_78.744s.au"),0,1
"2","13000:2:2",1,"",240800000,00:01:23.652,00:01:28.469,4.816,4.816,1.000,=HYPERLINK("au_TACT+15Mission1\network_240800000_13000_2_2_1_83.653s.au"),0,1
"3","13000:3:3",1,"",240800000,00:01:31.238,00:01:31.827,0.588,0.592,1.000,=HYPERLINK("au_TACT+15Mission1\network_240800000_13000_3_3_1_91.239s.au"),0,1
"2","13000:2:2",1,"",240800000,00:01:31.363,00:01:32.349,0.986,0.992,1.000,=HYPERLINK("au_TACT+15Mission1\network_240800000_13000_2_2_1_91.364s.au"),0,1
"2","13000:2:2",1,"",240800000,00:01:40.803,00:01:42.547,1.745,1.744,1.000,=HYPERLINK("au_TACT+15Mission1\network_240800000_13000_2_2_1_100.803s.au"),0,1
"3","13000:3:3",1,"",240800000,00:01:40.583,00:01:44.042,3.460,3.456,1.000,=HYPERLINK("au_TACT+15Mission1\network_240800000_13000_3_3_1_100.583s.au"),0,1
"2","13000:2:2",1,"",240800000,00:02:03.251,00:02:06.258,3.006,3.008,1.000,=HYPERLINK("au_TACT+15Mission1\network_240800000_13000_2_2_1_123.252s.au"),0,1
"3","13000:3:3",1,"",240800000,00:02:08.326,00:02:09.748,1.423,1.424,1.000,=HYPERLINK("au_TACT+15Mission1\network_240800000_13000_3_3_1_128.326s.au"),0,1
"2","13000:2:2",1,"",240800000,00:02:20.673,00:02:23.518,2.844,2.848,1.000,=HYPERLINK("au_TACT+15Mission1\network_240800000_13000_2_2_1_140.674s.au"),0,1
"3","13000:3:3",1,"",240800000,00:02:26.805,00:02:29.315,2.509,2.512,1.000,=HYPERLINK("au_TACT+15Mission1\network_240800000_13000_3_3_1_146.806s.au"),0,1
"2","13000:2:2",1,"",240800000,00:02:30.083,00:02:31.889,1.806,1.808,1.000,=HYPERLINK("au_TACT+15Mission1\network_240800000_13000_2_2_1_150.084s.au"),0,1
"3","13000:3:3",1,"",240800000,00:02:32.819,00:02:36.578,3.759,3.760,1.000,=HYPERLINK("au_TACT+15Mission1\network_240800000_13000_3_3_1_152.819s.au"),0,1
"2","13000:2:2",1,"",240800000,00:02:37.475,00:02:38.003,0.529,0.528,1.000,=HYPERLINK("au_TACT+15Mission1\network_240800000_13000_2_2_1_157.475s.au"),0,1
"3","13000:3:3",1,"",240800000,00:02:37.544,00:02:39.462,1.919,1.920,0.983,=HYPERLINK("au_TACT+15Mission1\network_240800000_13000_3_3_1_157.544s.au"),0,1
"2","13000:2:2",1,"",240800000,00:02:39.934,00:02:40.462,0.529,0.528,1.000,=HYPERLINK("au_TACT+15Mission1\network_240800000_13000_2_2_1_159.934s.au"),0,1
"3","13000:3:3",1,"",240800000,00:02:46.613,00:02:48.707,2.093,2.096,0.969,=HYPERLINK("au_TACT+15Mission1\network_240800000_13000_3_3_1_166.614s.au"),0,1
"2","13000:2:2",1,"",240800000,00:02:49.776,00:02:51.361,1.585,1.584,1.000,=HYPERLINK("au_TACT+15Mission1\network_240800000_13000_2_2_1_169.777s.au"),0,1
"2","13000:2:2",1,"",240800000,00:02:54.623,00:02:59.326,4.703,4.704,1.000,=HYPERLINK("au_TACT+15Mission1\network_240800000_13000_2_2_1_174.624s.au"),0,1
"2","13000:2:2",1,"",240800000,00:03:00.332,00:03:00.932,0.599,0.592,1.000,=HYPERLINK("au_TACT+15Mission1\network_240800000_13000_2_2_1_180.333s.au"),0,1
"3","13000:3:3",1,"",240800000,00:03:02.625,00:03:02.929,0.304,0.304,1.000,=HYPERLINK("au_TACT+15Mission1\network_240800000_13000_3_3_1_182.625s.au"),0,1
"2","13000:2:2",1,"",240800000,00:03:02.304,00:03:03.248,0.944,0.944,1.000,=HYPERLINK("au_TACT+15Mission1\network_240800000_13000_2_2_1_182.304s.au"),0,1
"3","13000:3:3",1,"",240800000,00:03:03.518,00:03:06.078,2.559,2.560,0.906,=HYPERLINK("au_TACT+15Mission1\network_240800000_13000_3_3_1_183.519s.au"),0,1
"2","13000:2:2",1,"",240800000,00:03:09.169,00:03:10.063,0.894,0.896,1.000,=HYPERLINK("au_TACT+15Mission1\network_240800000_13000_2_2_1_189.170s.au"),0,1
"2","13000:2:2",1,"",240800000,00:03:13.315,00:03:14.208,0.894,0.896,1.000,=HYPERLINK("au_TACT+15Mission1\network_240800000_13000_2_2_1_193.315s.au"),0,1
"3","13000:3:3",1,"",240800000,00:03:15.748,00:03:17.705,1.957,1.952,0.975,=HYPERLINK("au_TACT+15Mission1\network_240800000_13000_3_3_1_195.749s.au"),0,1
"2","13000:2:2",1,"",240800000,00:03:18.992,00:03:22.731,3.739,3.744,1.000,=HYPERLINK("au_TACT+15Mission1\network_240800000_13000_2_2_1_198.993s.au"),0,1
"4","13000:4:4",1,"",240800000,00:03:23.348,00:03:23.988,0.640,0.640,1.000,=HYPERLINK("au_TACT+15Mission1\network_240800000_13000_4_4_1_203.348s.au"),0,1
"3","13000:3:3",1,"",240800000,00:03:22.960,00:03:24.162,1.201,1.200,0.853,=HYPERLINK("au_TACT+15Mission1\network_240800000_13000_3_3_1_202.961s.au"),0,1
"4","13000:4:4",1,"",240800000,00:03:24.332,00:03:24.555,0.224,0.224,1.000,=HYPERLINK("au_TACT+15Mission1\network_240800000_13000_4_4_1_204.332s.au"),0,1
"4","13000:4:4",1,"",240800000,00:03:25.634,00:03:26.440,0.806,0.800,1.000,=HYPERLINK("au_TACT+15Mission1\network_240800000_13000_4_4_1_205.634s.au"),0,1
"3","13000:3:3",1,"",240800000,00:03:27.604,00:03:28.248,0.644,0.640,0.825,=HYPERLINK("au_TACT+15Mission1\network_240800000_13000_3_3_1_207.605s.au"),0,1
"3","13000:3:3",1,"",240800000,00:03:31.231,00:03:34.309,3.079,3.072,0.906,=HYPERLINK("au_TACT+15Mission1\network_240800000_13000_3_3_1_211.231s.au"),0,1
"3","13000:3:3",1,"",240800000,00:03:34.755,00:03:34.990,0.234,0.240,1.000,=HYPERLINK("au_TACT+15Mission1\network_240800000_13000_3_3_1_214.756s.au"),0,1
"2","13000:2:2",1,"",240800000,00:03:34.110,00:03:39.330,5.221,5.216,1.000,=HYPERLINK("au_TACT+15Mission1\network_240800000_13000_2_2_1_214.110s.au"),0,1
"3","13000:3:3",1,"",240800000,00:03:46.386,00:03:48.236,1.850,1.856,1.000,=HYPERLINK("au_TACT+15Mission1\network_240800000_13000_3_3_1_226.387s.au"),0,1
"3","13000:3:3",1,"",240800000,00:03:53.843,00:03:54.220,0.377,0.384,1.000,=HYPERLINK("au_TACT+15Mission1\network_240800000_13000_3_3_1_233.843s.au"),0,1
"2","13000:2:2",1,"",240800000,00:03:49.886,00:03:54.610,4.725,4.720,1.000,=HYPERLINK("au_TACT+15Mission1\network_240800000_13000_2_2_1_229.886s.au"),0,1
"3","13000:3:3",1,"",240800000,00:03:54.524,00:03:59.136,4.613,4.608,0.979,=HYPERLINK("au_TACT+15Mission1\network_240800000_13000_3_3_1_234.524s.au"),0,1
"2","13000:2:2",1,"",240800000,00:03:59.983,00:04:01.679,1.696,1.696,1.000,=HYPERLINK("au_TACT+15Mission1\network_240800000_13000_2_2_1_239.984s.au"),0,1
"3","13000:3:3",1,"",240800000,00:04:10.320,00:04:12.708,2.388,2.384,0.966,=HYPERLINK("au_TACT+15Mission1\network_240800000_13000_3_3_1_250.321s.au"),0,1
"3","13000:3:3",1,"",240800000,00:04:17.971,00:04:20.226,2.256,2.256,0.986,=HYPERLINK("au_TACT+15Mission1\network_240800000_13000_3_3_1_257.971s.au"),0,1
"3","13000:3:3",1,"",240800000,00:04:20.895,00:04:21.506,0.610,0.608,1.000,=HYPERLINK("au_TACT+15Mission1\network_240800000_13000_3_3_1_260.896s.au"),0,1
"2","13000:2:2",1,"",240800000,00:04:21.407,00:04:22.109,0.702,0.704,1.000,=HYPERLINK("au_TACT+15Mission1\network_240800000_13000_2_2_1_261.407s.au"),0,1
"3","13000:3:3",1,"",240800000,00:04:22.867,00:04:24.065,1.198,1.200,1.000,=HYPERLINK("au_TACT+15Mission1\network_240800000_13000_3_3_1_262.867s.au"),0,1
"3","13000:3:3",1,"",240800000,00:04:25.427,00:04:25.847,0.421,0.416,0.808,=HYPERLINK("au_TACT+15Mission1\network_240800000_13000_3_3_1_265.427s.au"),0,1
"3","13000:3:3",1,"",240800000,00:04:32.101,00:04:35.505,3.403,3.408,0.854,=HYPERLINK("au_TACT+15Mission1\network_240800000_13000_3_3_1_272.102s.au"),0,1
"2","13000:2:2",1,"",240800000,00:04:37.498,00:04:38.415,0.916,0.912,1.000,=HYPERLINK("au_TACT+15Mission1\network_240800000_13000_2_2_1_277.499s.au"),0,1
"2","13000:2:2",1,"",240800000,00:04:40.750,00:04:42.425,1.676,1.680,1.000,=HYPERLINK("au_TACT+15Mission1\network_240800000_13000_2_2_1_280.750s.au"),0,1
"2","13000:2:2",1,"",240800000,00:04:43.360,00:04:44.192,0.832,0.832,1.000,=HYPERLINK("au_TACT+15Mission1\network_240800000_13000_2_2_1_283.361s.au"),0,1
"2","13000:2:2",1,"",240800000,00:04:49.821,00:04:50.704,0.884,0.880,1.000,=HYPERLINK("au_TACT+15Mission1\network_240800000_13000_2_2_1_289.821s.au"),0,1
"3","13000:3:3",1,"",240800000,00:04:43.386,00:04:52.641,9.255,9.248,0.822,=HYPERLINK("au_TACT+15Mission1\network_240800000_13000_3_3_1_283.387s.au"),0,1
"2","13000:2:2",1,"",240800000,00:04:52.878,00:04:56.864,3.985,3.984,1.000,=HYPERLINK("au_TACT+15Mission1\network_240800000_13000_2_2_1_292.879s.au"),0,1
"3","13000:3:3",1,"",240800000,00:04:57.812,00:04:58.766,0.955,0.960,0.983,=HYPERLINK("au_TACT+15Mission1\network_240800000_13000_3_3_1_297.812s.au"),0,1
"2","13000:2:2",1,"",240800000,00:04:59.420,00:05:00.283,0.863,0.864,1.000,=HYPERLINK("au_TACT+15Mission1\network_240800000_13000_2_2_1_299.421s.au"),0,1
"3","13000:3:3",1,"",240800000,00:05:02.515,00:05:03.970,1.454,1.456,1.000,=HYPERLINK("au_TACT+15Mission1\network_240800000_13000_3_3_1_302.516s.au"),0,1
"2","13000:2:2",1,"",240800000,00:05:02.528,00:05:04.175,1.647,1.648,1.000,=HYPERLINK("au_TACT+15Mission1\network_240800000_13000_2_2_1_302.529s.au"),0,1
"3","13000:3:3",1,"",240800000,00:05:15.570,00:05:16.484,0.914,0.912,0.912,=HYPERLINK("au_TACT+15Mission1\network_240800000_13000_3_3_1_315.570s.au"),0,1
"3","13000:3:3",1,"",240800000,00:05:21.838,00:05:30.259,8.421,8.416,0.859,=HYPERLINK("au_TACT+15Mission1\network_240800000_13000_3_3_1_321.838s.au"),0,1
"2","13000:2:2",1,"",240800000,00:05:31.033,00:05:31.805,0.772,0.768,1.000,=HYPERLINK("au_TACT+15Mission1\network_240800000_13000_2_2_1_331.034s.au"),0,1
"2","13000:2:2",1,"",240800000,00:05:32.497,00:05:34.558,2.062,2.064,1.000,=HYPERLINK("au_TACT+15Mission1\network_240800000_13000_2_2_1_332.497s.au"),0,1
"3","13000:3:3",1,"",240800000,00:05:35.308,00:05:36.803,1.495,1.488,1.000,=HYPERLINK("au_TACT+15Mission1\network_240800000_13000_3_3_1_335.308s.au"),0,1
"2","13000:2:2",1,"",240800000,00:05:40.654,00:05:49.625,8.970,8.976,0.859,=HYPERLINK("au_TACT+15Mission1\network_240800000_13000_2_2_1_340.655s.au"),0,1
"3","13000:3:3",1,"",240800000,00:05:59.617,00:06:00.460,0.844,0.848,0.792,=HYPERLINK("au_TACT+15Mission1\network_240800000_13000_3_3_1_359.617s.au"),0,1
"2","13000:2:2",1,"",240800000,00:06:03.744,00:06:04.415,0.670,0.672,0.738,=HYPERLINK("au_TACT+15Mission1\network_240800000_13000_2_2_1_363.745s.au"),0,1
"3","13000:3:3",1,"",240800000,00:06:03.984,00:06:04.595,0.610,0.608,1.000,=HYPERLINK("au_TACT+15Mission1\network_240800000_13000_3_3_1_363.985s.au"),0,1
"3","13000:3:3",1,"",240800000,00:06:08.770,00:06:09.105,0.335,0.336,1.000,=HYPERLINK("au_TACT+15Mission1\network_240800000_13000_3_3_1_368.771s.au"),0,1
"3","13000:3:3",1,"",240800000,00:06:10.162,00:06:11.279,1.117,1.120,1.000,=HYPERLINK("au_TACT+15Mission1\network_240800000_13000_3_3_1_370.163s.au"),0,1
"2","13000:2:2",1,"",240800000,00:06:13.375,00:06:14.463,1.088,1.088,0.574,=HYPERLINK("au_TACT+15Mission1\network_240800000_13000_2_2_1_373.375s.au"),0,1
"2","13000:2:2",1,"",240800000,00:06:15.265,00:06:16.270,1.006,1.008,0.889,=HYPERLINK("au_TACT+15Mission1\network_240800000_13000_2_2_1_375.265s.au"),0,1
"3","13000:3:3",1,"",240800000,00:06:17.740,00:06:23.967,6.227,6.224,0.892,=HYPERLINK("au_TACT+15Mission1\network_240800000_13000_3_3_1_377.741s.au"),0,1
"2","13000:2:2",1,"",240800000,00:06:25.423,00:06:26.042,0.620,0.624,0.974,=HYPERLINK("au_TACT+15Mission1\network_240800000_13000_2_2_1_385.423s.au"),0,1
"3","13000:3:3",1,"",240800000,00:06:36.046,00:06:36.766,0.720,0.720,0.733,=HYPERLINK("au_TACT+15Mission1\network_240800000_13000_3_3_1_396.047s.au"),0,1
"3","13000:3:3",1,"",240800000,00:06:42.348,00:06:51.045,8.696,8.704,0.623,=HYPERLINK("au_TACT+15Mission1\network_240800000_13000_3_3_1_402.349s.au"),0,1
"2","13000:2:2",1,"",240800000,00:06:53.390,00:07:00.816,7.426,7.424,0.825,=HYPERLINK("au_TACT+15Mission1\network_240800000_13000_2_2_1_413.390s.au"),0,1
"3","13000:3:3",1,"",240800000,00:06:59.229,00:07:01.279,2.051,2.048,0.992,=HYPERLINK("au_TACT+15Mission1\network_240800000_13000_3_3_1_419.229s.au"),0,1
"3","13000:3:3",1,"",240800000,00:07:04.002,00:07:05.265,1.263,1.264,1.000,=HYPERLINK("au_TACT+15Mission1\network_240800000_13000_3_3_1_424.002s.au"),0,1
"2","13000:2:2",1,"",240800000,00:07:05.691,00:07:18.157,12.465,12.464,0.750,=HYPERLINK("au_TACT+15Mission1\network_240800000_13000_2_2_1_425.692s.au"),0,1
"3","13000:3:3",1,"",240800000,00:07:19.727,00:07:20.795,1.067,1.072,1.000,=HYPERLINK("au_TACT+15Mission1\network_240800000_13000_3_3_1_439.728s.au"),0,1
"3","13000:3:3",1,"",240800000,00:07:21.424,00:07:28.367,6.943,6.944,0.986,=HYPERLINK("au_TACT+15Mission1\network_240800000_13000_3_3_1_441.424s.au"),0,1
"3","13000:3:3",1,"",240800000,00:07:31.970,00:07:34.446,2.477,2.480,0.955,=HYPERLINK("au_TACT+15Mission1\network_240800000_13000_3_3_1_451.970s.au"),0,1
"3","13000:3:3",1,"",240800000,00:07:37.454,00:07:38.410,0.956,0.960,0.733,=HYPERLINK("au_TACT+15Mission1\network_240800000_13000_3_3_1_457.454s.au"),0,1
"2","13000:2:2",1,"",240800000,00:07:39.661,00:07:40.555,0.894,0.896,0.893,=HYPERLINK("au_TACT+15Mission1\network_240800000_13000_2_2_1_459.662s.au"),0,1
"3","13000:3:3",1,"",240800000,00:07:41.710,00:07:43.071,1.361,1.360,1.000,=HYPERLINK("au_TACT+15Mission1\network_240800000_13000_3_3_1_461.711s.au"),0,1
"3","13000:3:3",1,"",240800000,00:07:43.458,00:07:44.942,1.485,1.488,0.882,=HYPERLINK("au_TACT+15Mission1\network_240800000_13000_3_3_1_463.458s.au"),0,1
"3","13000:3:3",1,"",240800000,00:07:45.916,00:07:46.252,0.336,0.336,1.000,=HYPERLINK("au_TACT+15Mission1\network_240800000_13000_3_3_1_465.917s.au"),0,1
"2","13000:2:2",1,"",240800000,00:07:44.141,00:07:46.733,2.591,2.592,1.000,=HYPERLINK("au_TACT+15Mission1\network_240800000_13000_2_2_1_464.142s.au"),0,1
"3","13000:3:3",1,"",240800000,00:07:58.403,00:08:00.027,1.624,1.632,0.608,=HYPERLINK("au_TACT+15Mission1\network_240800000_13000_3_3_1_478.403s.au"),0,1
"3","13000:3:3",1,"",240800000,00:08:04.609,00:08:08.415,3.806,3.808,0.714,=HYPERLINK("au_TACT+15Mission1\network_240800000_13000_3_3_1_484.609s.au"),0,1
"3","13000:3:3",1,"",240800000,00:08:16.962,00:08:17.855,0.894,0.896,0.911,=HYPERLINK("au_TACT+15Mission1\network_240800000_13000_3_3_1_496.962s.au"),0,1
"2","13000:2:2",1,"",240800000,00:08:19.575,00:08:21.049,1.473,1.472,0.848,=HYPERLINK("au_TACT+15Mission1\network_240800000_13000_2_2_1_499.576s.au"),0,1
"3","13000:3:3",1,"",240800000,00:08:22.539,00:08:25.434,2.896,2.896,0.851,=HYPERLINK("au_TACT+15Mission1\network_240800000_13000_3_3_1_502.539s.au"),0,1
"2","13000:2:2",1,"",240800000,00:08:28.221,00:08:30.639,2.418,2.416,1.000,=HYPERLINK("au_TACT+15Mission1\network_240800000_13000_2_2_1_508.221s.au"),0,1
"2","13000:2:2",1,"",240800000,00:08:34.590,00:08:39.434,4.845,4.848,0.762,=HYPERLINK("au_TACT+15Mission1\network_240800000_13000_2_2_1_514.590s.au"),0,1
"3","13000:3:3",1,"",240800000,00:08:38.427,00:08:41.231,2.805,2.800,0.863,=HYPERLINK("au_TACT+15Mission1\network_240800000_13000_3_3_1_518.427s.au"),0,1
"2","13000:2:2",1,"",240800000,00:08:42.757,00:08:43.112,0.356,0.352,0.227,=HYPERLINK("au_TACT+15Mission1\network_240800000_13000_2_2_1_522.757s.au"),0,1
"3","13000:3:3",1,"",240800000,00:08:43.679,00:08:46.796,3.118,3.120,0.667,=HYPERLINK("au_TACT+15Mission1\network_240800000_13000_3_3_1_523.679s.au"),0,1
"3","13000:3:3",1,"",240800000,00:08:48.096,00:08:49.528,1.432,1.440,0.933,=HYPERLINK("au_TACT+15Mission1\network_240800000_13000_3_3_1_528.097s.au"),0,1
"2","13000:2:2",1,"",240800000,00:08:48.374,00:08:57.111,8.738,8.736,0.967,=HYPERLINK("au_TACT+15Mission1\network_240800000_13000_2_2_1_528.374s.au"),0,1
"2","13000:2:2",1,"",240800000,00:08:57.476,00:08:57.700,0.224,0.224,1.000,=HYPERLINK("au_TACT+15Mission1\network_240800000_13000_2_2_1_537.477s.au"),0,1
"3","13000:3:3",1,"",240800000,00:09:01.679,00:09:02.432,0.752,0.752,1.000,=HYPERLINK("au_TACT+15Mission1\network_240800000_13000_3_3_1_541.680s.au"),0,1
"2","13000:2:2",1,"",240800000,00:08:59.802,00:09:05.867,6.065,6.064,0.939,=HYPERLINK("au_TACT+15Mission1\network_240800000_13000_2_2_1_539.803s.au"),0,1
"3","13000:3:3",1,"",240800000,00:09:05.854,00:09:07.064,1.209,1.216,1.000,=HYPERLINK("au_TACT+15Mission1\network_240800000_13000_3_3_1_545.855s.au"),0,1
"3","13000:3:3",1,"",240800000,00:09:07.500,00:09:08.192,0.692,0.688,1.000,=HYPERLINK("au_TACT+15Mission1\network_240800000_13000_3_3_1_547.500s.au"),0,1
"2","13000:2:2",1,"",240800000,00:09:09.382,00:09:09.932,0.550,0.544,0.324,=HYPERLINK("au_TACT+15Mission1\network_240800000_13000_2_2_1_549.383s.au"),0,1
"3","13000:3:3",1,"",240800000,00:09:09.531,00:09:10.315,0.783,0.784,1.000,=HYPERLINK("au_TACT+15Mission1\network_240800000_13000_3_3_1_549.532s.au"),0,1
"2","13000:2:2",1,"",240800000,00:09:14.218,00:09:15.783,1.565,1.568,0.867,=HYPERLINK("au_TACT+15Mission1\network_240800000_13000_2_2_1_554.218s.au"),0,1
"3","13000:3:3",1,"",240800000,00:09:17.273,00:09:21.135,3.861,3.856,0.929,=HYPERLINK("au_TACT+15Mission1\network_240800000_13000_3_3_1_557.274s.au"),0,1
"3","13000:3:3",1,"",240800000,00:09:21.327,00:09:21.976,0.650,0.656,0.878,=HYPERLINK("au_TACT+15Mission1\network_240800000_13000_3_3_1_561.327s.au"),0,1
"2","13000:2:2",1,"",240800000,00:09:22.203,00:09:29.703,7.499,7.504,0.851,=HYPERLINK("au_TACT+15Mission1\network_240800000_13000_2_2_1_562.204s.au"),0,1
"3","13000:3:3",1,"",240800000,00:09:30.062,00:09:32.622,2.560,2.560,0.875,=HYPERLINK("au_TACT+15Mission1\network_240800000_13000_3_3_1_570.063s.au"),0,1
"2","13000:2:2",1,"",240800000,00:09:36.780,00:09:37.757,0.978,0.976,0.754,=HYPERLINK("au_TACT+15Mission1\network_240800000_13000_2_2_1_576.780s.au"),0,1
"2","13000:2:2",1,"",240800000,00:09:43.158,00:09:44.775,1.616,1.616,0.871,=HYPERLINK("au_TACT+15Mission1\network_240800000_13000_2_2_1_583.159s.au"),0,1
"2","13000:2:2",1,"",240800000,00:09:47.435,00:09:48.411,0.975,0.976,0.689,=HYPERLINK("au_TACT+15Mission1\network_240800000_13000_2_2_1_587.436s.au"),0,1
"3","13000:3:3",1,"",240800000,00:09:54.575,00:09:55.937,1.362,1.360,0.871,=HYPERLINK("au_TACT+15Mission1\network_240800000_13000_3_3_1_594.576s.au"),0,1
"2","13000:2:2",1,"",240800000,00:09:59.403,00:10:01.739,2.336,2.336,0.884,=HYPERLINK("au_TACT+15Mission1\network_240800000_13000_2_2_1_599.404s.au"),0,1
"2","13000:2:2",1,"",240800000,00:10:08.007,00:10:13.187,5.181,5.184,0.975,=HYPERLINK("au_TACT+15Mission1\network_240800000_13000_2_2_1_608.007s.au"),0,1
"2","13000:2:2",1,"",240800000,00:10:20.005,00:10:21.924,1.919,1.920,0.833,=HYPERLINK("au_TACT+15Mission1\network_240800000_13000_2_2_1_620.005s.au"),0,1
"3","13000:3:3",1,"",240800000,00:10:27.062,00:10:27.450,0.388,0.384,0.917,=HYPERLINK("au_TACT+15Mission1\network_240800000_13000_3_3_1_627.062s.au"),0,1
"3","13000:3:3",1,"",240800000,00:10:29.307,00:10:31.431,2.123,2.128,0.624,=HYPERLINK("au_TACT+15Mission1\network_240800000_13000_3_3_1_629.308s.au"),0,1
"3","13000:3:3",1,"",240800000,00:10:32.366,00:10:36.825,4.460,4.464,0.975,=HYPERLINK("au_TACT+15Mission1\network_240800000_13000_3_3_1_632.366s.au"),0,1
"3","13000:3:3",1,"",240800000,00:10:44.190,00:10:44.911,0.721,0.720,0.822,=HYPERLINK("au_TACT+15Mission1\network_240800000_13000_3_3_1_644.190s.au"),0,1
"3","13000:3:3",1,"",240800000,00:10:47.247,00:10:54.125,6.877,6.880,0.786,=HYPERLINK("au_TACT+15Mission1\network_240800000_13000_3_3_1_647.248s.au"),0,1
"2","13000:2:2",1,"",240800000,00:10:53.335,00:10:57.257,3.922,3.920,0.984,=HYPERLINK("au_TACT+15Mission1\network_240800000_13000_2_2_1_653.335s.au"),0,1
"2","13000:2:2",1,"",240800000,00:10:57.864,00:10:58.932,1.067,1.072,0.985,=HYPERLINK("au_TACT+15Mission1\network_240800000_13000_2_2_1_657.865s.au"),0,1
"3","13000:3:3",1,"",240800000,00:10:59.193,00:11:00.229,1.036,1.040,1.000,=HYPERLINK("au_TACT+15Mission1\network_240800000_13000_3_3_1_659.194s.au"),0,1
"3","13000:3:3",1,"",240800000,00:11:02.830,00:11:04.731,1.900,1.904,0.782,=HYPERLINK("au_TACT+15Mission1\network_240800000_13000_3_3_1_662.831s.au"),0,1
"2","13000:2:2",1,"",240800000,00:11:04.875,00:11:06.713,1.839,1.840,0.930,=HYPERLINK("au_TACT+15Mission1\network_240800000_13000_2_2_1_664.875s.au"),0,1
"3","13000:3:3",1,"",240800000,00:11:10.929,00:11:11.710,0.781,0.784,0.980,=HYPERLINK("au_TACT+15Mission1\network_240800000_13000_3_3_1_670.929s.au"),0,1
"3","13000:3:3",1,"",240800000,00:11:13.278,00:11:24.732,11.455,11.456,0.855,=HYPERLINK("au_TACT+15Mission1\network_240800000_13000_3_3_1_673.278s.au"),0,1
"3","13000:3:3",1,"",240800000,00:11:27.739,00:11:29.914,2.174,2.176,0.993,=HYPERLINK("au_TACT+15Mission1\network_240800000_13000_3_3_1_687.740s.au"),0,1
"2","13000:2:2",1,"",240800000,00:11:30.179,00:11:32.947,2.768,2.752,0.942,=HYPERLINK("au_TACT+15Mission1\network_240800000_13000_2_2_1_690.180s.au"),0,1
"3","13000:3:3",1,"",240800000,00:11:34.302,00:11:36.151,1.849,1.856,0.957,=HYPERLINK("au_TACT+15Mission1\network_240800000_13000_3_3_1_694.303s.au"),0,1
"3","13000:3:3",1,"",240800000,00:11:36.958,00:11:37.726,0.768,0.768,0.875,=HYPERLINK("au_TACT+15Mission1\network_240800000_13000_3_3_1_696.958s.au"),0,1
"2","13000:2:2",1,"",240800000,00:11:43.833,00:11:45.224,1.392,1.392,0.805,=HYPERLINK("au_TACT+15Mission1\network_240800000_13000_2_2_1_703.833s.au"),0,1
"2","13000:2:2",1,"",240800000,00:11:52.966,00:11:57.505,4.540,4.544,0.947,=HYPERLINK("au_TACT+15Mission1\network_240800000_13000_2_2_1_712.966s.au"),0,1
"2","13000:2:2",1,"",240800000,00:11:57.638,00:11:59.578,1.941,1.936,0.934,=HYPERLINK("au_TACT+15Mission1\network_240800000_13000_2_2_1_717.638s.au"),0,1
"3","13000:3:3",1,"",240800000,00:12:06.638,00:12:13.241,6.603,6.608,0.932,=HYPERLINK("au_TACT+15Mission1\network_240800000_13000_3_3_1_726.638s.au"),0,1
"3","13000:3:3",1,"",240800000,00:12:15.088,00:12:19.812,4.724,4.736,0.909,=HYPERLINK("au_TACT+15Mission1\network_240800000_13000_3_3_1_735.089s.au"),0,1
"3","13000:3:3",1,"",240800000,00:12:32.825,00:12:33.242,0.417,0.416,0.923,=HYPERLINK("au_TACT+15Mission1\network_240800000_13000_3_3_1_752.826s.au"),0,1
"3","13000:3:3",1,"",240800000,00:12:33.830,00:12:34.461,0.631,0.624,0.667,=HYPERLINK("au_TACT+15Mission1\network_240800000_13000_3_3_1_753.831s.au"),0,1
"3","13000:3:3",1,"",240800000,00:12:34.856,00:12:36.158,1.301,1.296,1.000,=HYPERLINK("au_TACT+15Mission1\network_240800000_13000_3_3_1_754.857s.au"),0,1
"3","13000:3:3",1,"",240800000,00:12:37.945,00:12:40.335,2.389,2.384,0.973,=HYPERLINK("au_TACT+15Mission1\network_240800000_13000_3_3_1_757.946s.au"),0,1
"2","13000:2:2",1,"",240800000,00:12:41.351,00:12:42.489,1.138,1.136,1.000,=HYPERLINK("au_TACT+15Mission1\network_240800000_13000_2_2_1_761.351s.au"),0,1
"3","13000:3:3",1,"",240800000,00:12:45.494,00:12:47.018,1.524,1.520,0.937,=HYPERLINK("au_TACT+15Mission1\network_240800000_13000_3_3_1_765.494s.au"),0,1
"2","13000:2:2",1,"",240800000,00:12:48.554,00:12:53.510,4.957,4.960,0.952,=HYPERLINK("au_TACT+15Mission1\network_240800000_13000_2_2_1_768.554s.au"),0,1
"3","13000:3:3",1,"",240800000,00:12:54.789,00:12:55.754,0.965,0.960,1.000,=HYPERLINK("au_TACT+15Mission1\network_240800000_13000_3_3_1_774.789s.au"),0,1
"2","13000:2:2",1,"",240800000,00:12:54.853,00:12:56.236,1.383,1.376,0.942,=HYPERLINK("au_TACT+15Mission1\network_240800000_13000_2_2_1_774.853s.au"),0,1
"3","13000:3:3",1,"",240800000,00:12:56.820,00:12:58.315,1.494,1.488,1.000,=HYPERLINK("au_TACT+15Mission1\network_240800000_13000_3_3_1_776.821s.au"),0,1
"2","13000:2:2",1,"",240800000,00:13:02.023,00:13:04.228,2.205,2.208,0.971,=HYPERLINK("au_TACT+15Mission1\network_240800000_13000_2_2_1_782.023s.au"),0,1
"2","13000:2:2",1,"",240800000,00:13:05.924,00:13:09.510,3.586,3.584,0.589,=HYPERLINK("au_TACT+15Mission1\network_240800000_13000_2_2_1_785.924s.au"),0,1
"3","13000:3:3",1,"",240800000,00:13:11.388,00:13:12.698,1.310,1.312,0.988,=HYPERLINK("au_TACT+15Mission1\network_240800000_13000_3_3_1_791.389s.au"),0,1
"2","13000:2:2",1,"",240800000,00:13:13.908,00:13:15.210,1.301,1.296,0.951,=HYPERLINK("au_TACT+15Mission1\network_240800000_13000_2_2_1_793.909s.au"),0,1
"3","13000:3:3",1,"",240800000,00:13:14.091,00:13:19.190,5.100,5.104,1.000,=HYPERLINK("au_TACT+15Mission1\network_240800000_13000_3_3_1_794.091s.au"),0,1
"3","13000:3:3",1,"",240800000,00:13:39.018,00:13:43.276,4.257,4.256,0.947,=HYPERLINK("au_TACT+15Mission1\network_240800000_13000_3_3_1_819.019s.au"),0,1
"3","13000:3:3",1,"",240800000,00:13:47.117,00:13:47.929,0.812,0.816,0.529,=HYPERLINK("au_TACT+15Mission1\network_240800000_13000_3_3_1_827.117s.au"),0,1
"2","13000:2:2",1,"",240800000,00:13:51.271,00:13:53.151,1.880,1.888,0.983,=HYPERLINK("au_TACT+15Mission1\network_240800000_13000_2_2_1_831.272s.au"),0,1
"3","13000:3:3",1,"",240800000,00:13:57.396,00:13:58.148,0.752,0.752,0.681,=HYPERLINK("au_TACT+15Mission1\network_240800000_13000_3_3_1_837.397s.au"),0,1
"2","13000:2:2",1,"",240800000,00:13:57.653,00:13:58.617,0.964,0.960,0.883,=HYPERLINK("au_TACT+15Mission1\network_240800000_13000_2_2_1_837.653s.au"),0,1
"3","13000:3:3",1,"",240800000,00:14:05.096,00:14:05.708,0.612,0.608,0.632,=HYPERLINK("au_TACT+15Mission1\network_240800000_13000_3_3_1_845.096s.au"),0,1
"2","13000:2:2",1,"",240800000,00:14:07.221,00:14:08.309,1.089,1.088,0.971,=HYPERLINK("au_TACT+15Mission1\network_240800000_13000_2_2_1_847.221s.au"),0,1
"3","13000:3:3",1,"",240800000,00:14:11.943,00:14:14.403,2.459,2.432,1.000,=HYPERLINK("au_TACT+15Mission1\network_240800000_13000_3_3_1_851.944s.au"),0,1
"3","13000:3:3",1,"",240800000,00:14:18.739,00:14:19.481,0.742,0.736,1.000,=HYPERLINK("au_TACT+15Mission1\network_240800000_13000_3_3_1_858.740s.au"),0,1
"3","13000:3:3",1,"",240800000,00:14:23.453,00:14:26.723,3.270,3.280,0.937,=HYPERLINK("au_TACT+15Mission1\network_240800000_13000_3_3_1_863.454s.au"),0,1
"2","13000:2:2",1,"",240800000,00:14:27.395,00:14:32.293,4.897,4.896,0.948,=HYPERLINK("au_TACT+15Mission1\network_240800000_13000_2_2_1_867.396s.au"),0,1
"2","13000:2:2",1,"",240800000,00:14:37.361,00:14:38.083,0.722,0.720,0.889,=HYPERLINK("au_TACT+15Mission1\network_240800000_13000_2_2_1_877.361s.au"),0,1
"3","13000:3:3",1,"",240800000,00:14:33.838,00:14:41.820,7.981,7.984,0.731,=HYPERLINK("au_TACT+15Mission1\network_240800000_13000_3_3_1_873.839s.au"),0,1
"3","13000:3:3",1,"",240800000,00:14:45.638,00:14:46.716,1.077,1.072,1.000,=HYPERLINK("au_TACT+15Mission1\network_240800000_13000_3_3_1_885.639s.au"),0,1
"2","13000:2:2",1,"",240800000,00:14:48.018,00:14:49.877,1.860,1.856,0.922,=HYPERLINK("au_TACT+15Mission1\network_240800000_13000_2_2_1_888.018s.au"),0,1
"3","13000:3:3",1,"",240800000,00:14:52.893,00:14:53.757,0.864,0.864,1.000,=HYPERLINK("au_TACT+15Mission1\network_240800000_13000_3_3_1_892.893s.au"),0,1
"2","13000:2:2",1,"",240800000,00:14:52.934,00:14:55.861,2.926,2.928,0.995,=HYPERLINK("au_TACT+15Mission1\network_240800000_13000_2_2_1_892.935s.au"),0,1
"3","13000:3:3",1,"",240800000,00:14:56.153,00:14:57.210,1.057,1.056,0.955,=HYPERLINK("au_TACT+15Mission1\network_240800000_13000_3_3_1_896.154s.au"),0,1
"2","13000:2:2",1,"",240800000,00:14:58.836,00:15:05.702,6.865,6.848,0.783,=HYPERLINK("au_TACT+15Mission1\network_240800000_13000_2_2_1_898.837s.au"),0,1
"3","13000:3:3",1,"",240800000,00:15:04.169,00:15:06.841,2.672,2.672,0.994,=HYPERLINK("au_TACT+15Mission1\network_240800000_13000_3_3_1_904.169s.au"),0,1
"3","13000:3:3",1,"",240800000,00:15:16.408,00:15:16.684,0.275,0.272,0.941,=HYPERLINK("au_TACT+15Mission1\network_240800000_13000_3_3_1_916.409s.au"),0,1
"2","13000:2:2",1,"",240800000,00:15:14.958,00:15:16.919,1.961,1.952,0.861,=HYPERLINK("au_TACT+15Mission1\network_240800000_13000_2_2_1_914.958s.au"),0,1
"3","13000:3:3",1,"",240800000,00:15:17.252,00:15:18.862,1.610,1.600,1.000,=HYPERLINK("au_TACT+15Mission1\network_240800000_13000_3_3_1_917.253s.au"),0,1
"2","13000:2:2",1,"",240800000,00:15:23.989,00:15:26.789,2.800,2.800,1.000,=HYPERLINK("au_TACT+15Mission1\network_240800000_13000_2_2_1_923.990s.au"),0,1
"3","13000:3:3",1,"",240800000,00:15:32.531,00:15:33.690,1.159,1.152,1.000,=HYPERLINK("au_TACT+15Mission1\network_240800000_13000_3_3_1_932.532s.au"),0,1
"2","13000:2:2",1,"",240800000,00:15:38.374,00:15:39.015,0.641,0.640,0.925,=HYPERLINK("au_TACT+15Mission1\network_240800000_13000_2_2_1_938.374s.au"),0,1
"3","13000:3:3",1,"",240800000,00:15:38.424,00:15:39.734,1.311,1.312,0.671,=HYPERLINK("au_TACT+15Mission1\network_240800000_13000_3_3_1_938.424s.au"),0,1
"3","13000:3:3",1,"",240800000,00:15:40.515,00:15:43.573,3.058,3.056,0.853,=HYPERLINK("au_TACT+15Mission1\network_240800000_13000_3_3_1_940.516s.au"),0,1
"3","13000:3:3",1,"",240800000,00:15:47.052,00:15:47.942,0.890,0.896,0.964,=HYPERLINK("au_TACT+15Mission1\network_240800000_13000_3_3_1_947.052s.au"),0,1
"2","13000:2:2",1,"",240800000,00:15:42.802,00:15:48.033,5.231,5.232,0.872,=HYPERLINK("au_TACT+15Mission1\network_240800000_13000_2_2_1_942.803s.au"),0,1
"3","13000:3:3",1,"",240800000,00:15:48.273,00:15:49.497,1.225,1.232,1.000,=HYPERLINK("au_TACT+15Mission1\network_240800000_13000_3_3_1_948.273s.au"),0,1
"3","13000:3:3",1,"",240800000,00:15:50.187,00:15:52.065,1.879,1.888,0.941,=HYPERLINK("au_TACT+15Mission1\network_240800000_13000_3_3_1_950.187s.au"),0,1
"3","13000:3:3",1,"",240800000,00:15:53.893,00:15:54.119,0.226,0.224,0.214,=HYPERLINK("au_TACT+15Mission1\network_240800000_13000_3_3_1_953.894s.au"),0,1
"3","13000:3:3",1,"",240800000,00:15:57.874,00:15:59.258,1.385,1.392,0.690,=HYPERLINK("au_TACT+15Mission1\network_240800000_13000_3_3_1_957.874s.au"),0,1
"3","13000:3:3",1,"",240800000,00:16:05.080,00:16:05.526,0.447,0.448,0.750,=HYPERLINK("au_TACT+15Mission1\network_240800000_13000_3_3_1_965.080s.au"),0,1
"2","13000:2:2",1,"",240800000,00:16:09.825,00:16:11.297,1.473,1.472,0.533,=HYPERLINK("au_TACT+15Mission1\network_240800000_13000_2_2_1_969.825s.au"),0,1
"3","13000:3:3",1,"",240800000,00:16:14.070,00:16:15.624,1.554,1.552,0.784,=HYPERLINK("au_TACT+15Mission1\network_240800000_13000_3_3_1_974.070s.au"),0,1
"2","13000:2:2",1,"",240800000,00:16:15.979,00:16:18.976,2.997,2.992,1.000,=HYPERLINK("au_TACT+15Mission1\network_240800000_13000_2_2_1_975.980s.au"),0,1
"2","13000:2:2",1,"",240800000,00:16:21.405,00:16:26.515,5.110,5.104,0.975,=HYPERLINK("au_TACT+15Mission1\network_240800000_13000_2_2_1_981.405s.au"),0,1
"3","13000:3:3",1,"",240800000,00:16:27.145,00:16:36.604,9.460,9.456,0.738,=HYPERLINK("au_TACT+15Mission1\network_240800000_13000_3_3_1_987.145s.au"),0,1
"2","13000:2:2",1,"",240800000,00:16:38.817,00:16:40.848,2.032,2.032,1.000,=HYPERLINK("au_TACT+15Mission1\network_240800000_13000_2_2_1_998.817s.au"),0,1
"2","13000:2:2",1,"",240800000,00:16:42.044,00:16:44.190,2.147,2.160,0.985,=HYPERLINK("au_TACT+15Mission1\network_240800000_13000_2_2_1_1002.044s.au"),0,1
"2","13000:2:2",1,"",240800000,00:16:48.098,00:16:51.932,3.834,3.840,0.950,=HYPERLINK("au_TACT+15Mission1\network_240800000_13000_2_2_1_1008.098s.au"),0,1
"3","13000:3:3",1,"",240800000,00:16:52.713,00:16:55.283,2.570,2.576,0.981,=HYPERLINK("au_TACT+15Mission1\network_240800000_13000_3_3_1_1012.713s.au"),0,1
"3","13000:3:3",1,"",240800000,00:16:55.617,00:16:57.033,1.416,1.408,1.000,=HYPERLINK("au_TACT+15Mission1\network_240800000_13000_3_3_1_1015.618s.au"),0,1
"2","13000:2:2",1,"",240800000,00:16:59.958,00:17:05.189,5.232,5.232,0.865,=HYPERLINK("au_TACT+15Mission1\network_240800000_13000_2_2_1_1019.958s.au"),0,1
"2","13000:2:2",1,"",240800000,00:17:10.338,00:17:11.430,1.091,1.088,0.853,=HYPERLINK("au_TACT+15Mission1\network_240800000_13000_2_2_1_1030.339s.au"),0,1
"3","13000:3:3",1,"",240800000,00:17:13.538,00:17:14.645,1.107,1.104,0.957,=HYPERLINK("au_TACT+15Mission1\network_240800000_13000_3_3_1_1033.539s.au"),0,1
"2","13000:2:2",1,"",240800000,00:17:15.428,00:17:18.385,2.956,2.960,0.946,=HYPERLINK("au_TACT+15Mission1\network_240800000_13000_2_2_1_1035.429s.au"),0,1
"3","13000:3:3",1,"",240800000,00:17:21.735,00:17:22.457,0.721,0.720,0.867,=HYPERLINK("au_TACT+15Mission1\network_240800000_13000_3_3_1_1041.736s.au"),0,1
"2","13000:2:2",1,"",240800000,00:17:22.255,00:17:23.443,1.189,1.184,1.000,=HYPERLINK("au_TACT+15Mission1\network_240800000_13000_2_2_1_1042.255s.au"),0,1
"3","13000:3:3",1,"",240800000,00:17:26.418,00:17:34.262,7.844,7.840,0.927,=HYPERLINK("au_TACT+15Mission1\network_240800000_13000_3_3_1_1046.419s.au"),0,1
"2","13000:2:2",1,"",240800000,00:17:35.868,00:17:36.894,1.026,1.024,0.703,=HYPERLINK("au_TACT+15Mission1\network_240800000_13000_2_2_1_1055.868s.au"),0,1
"3","13000:3:3",1,"",240800000,00:17:36.822,00:17:41.942,5.120,5.120,0.819,=HYPERLINK("au_TACT+15Mission1\network_240800000_13000_3_3_1_1056.822s.au"),0,1
"2","13000:2:2",1,"",240800000,00:17:42.145,00:17:42.907,0.762,0.768,1.000,=HYPERLINK("au_TACT+15Mission1\network_240800000_13000_2_2_1_1062.146s.au"),0,1
"2","13000:2:2",1,"",240800000,00:17:43.954,00:17:45.538,1.584,1.584,0.990,=HYPERLINK("au_TACT+15Mission1\network_240800000_13000_2_2_1_1063.955s.au"),0,1
"3","13000:3:3",1,"",240800000,00:17:45.781,00:17:46.758,0.976,0.976,0.656,=HYPERLINK("au_TACT+15Mission1\network_240800000_13000_3_3_1_1065.782s.au"),0,1
"2","13000:2:2",1,"",240800000,00:17:46.848,00:17:51.363,4.514,4.512,1.000,=HYPERLINK("au_TACT+15Mission1\network_240800000_13000_2_2_1_1066.849s.au"),0,1
"3","13000:3:3",1,"",240800000,00:17:53.328,00:17:54.682,1.353,1.344,0.964,=HYPERLINK("au_TACT+15Mission1\network_240800000_13000_3_3_1_1073.329s.au"),0,1
"2","13000:2:2",1,"",240800000,00:17:55.859,00:17:57.423,1.565,1.568,1.000,=HYPERLINK("au_TACT+15Mission1\network_240800000_13000_2_2_1_1075.859s.au"),0,1
"3","13000:3:3",1,"",240800000,00:17:59.276,00:18:01.253,1.977,1.984,0.855,=HYPERLINK("au_TACT+15Mission1\network_240800000_13000_3_3_1_1079.276s.au"),0,1
"2","13000:2:2",1,"",240800000,00:18:02.147,00:18:03.203,1.056,1.056,1.000,=HYPERLINK("au_TACT+15Mission1\network_240800000_13000_2_2_1_1082.148s.au"),0,1
"2","13000:2:2",1,"",240800000,00:18:04.484,00:18:06.172,1.688,1.696,0.915,=HYPERLINK("au_TACT+15Mission1\network_240800000_13000_2_2_1_1084.485s.au"),0,1
"3","13000:3:3",1,"",240800000,00:18:06.811,00:18:07.511,0.701,0.704,0.659,=HYPERLINK("au_TACT+15Mission1\network_240800000_13000_3_3_1_1086.811s.au"),0,1
"3","13000:3:3",1,"",240800000,00:18:10.692,00:18:12.723,2.031,2.032,0.850,=HYPERLINK("au_TACT+15Mission1\network_240800000_13000_3_3_1_1090.692s.au"),0,1
"3","13000:3:3",1,"",240800000,00:18:12.967,00:18:15.282,2.316,2.320,0.862,=HYPERLINK("au_TACT+15Mission1\network_240800000_13000_3_3_1_1092.967s.au"),0,1
"3","13000:3:3",1,"",240800000,00:18:19.365,00:18:22.068,2.703,2.704,1.000,=HYPERLINK("au_TACT+15Mission1\network_240800000_13000_3_3_1_1099.366s.au"),0,1
"3","13000:3:3",1,"",240800000,00:18:23.012,00:18:23.734,0.721,0.720,1.000,=HYPERLINK("au_TACT+15Mission1\network_240800000_13000_3_3_1_1103.013s.au"),0,1
"3","13000:3:3",1,"",240800000,00:18:26.375,00:18:26.994,0.620,0.624,1.000,=HYPERLINK("au_TACT+15Mission1\network_240800000_13000_3_3_1_1106.375s.au"),0,1
"3","13000:3:3",1,"",240800000,00:18:27.961,00:18:36.696,8.735,8.736,0.951,=HYPERLINK("au_TACT+15Mission1\network_240800000_13000_3_3_1_1107.961s.au"),0,1
"2","13000:2:2",1,"",240800000,00:18:36.880,00:18:37.605,0.726,0.720,1.000,=HYPERLINK("au_TACT+15Mission1\network_240800000_13000_2_2_1_1116.880s.au"),0,1
"3","13000:3:3",1,"",240800000,00:18:42.548,00:18:46.115,3.567,3.568,0.852,=HYPERLINK("au_TACT+15Mission1\network_240800000_13000_3_3_1_1122.549s.au"),0,1
"3","13000:3:3",1,"",240800000,00:18:48.114,00:18:49.670,1.556,1.568,0.949,=HYPERLINK("au_TACT+15Mission1\network_240800000_13000_3_3_1_1128.114s.au"),0,1
"2","13000:2:2",1,"",240800000,00:18:50.706,00:18:52.270,1.564,1.568,1.000,=HYPERLINK("au_TACT+15Mission1\network_240800000_13000_2_2_1_1130.706s.au"),0,1
"3","13000:3:3",1,"",240800000,00:18:52.869,00:18:53.896,1.028,1.024,1.000,=HYPERLINK("au_TACT+15Mission1\network_240800000_13000_3_3_1_1132.869s.au"),0,1
"3","13000:3:3",1,"",240800000,00:18:55.297,00:18:56.212,0.914,0.912,1.000,=HYPERLINK("au_TACT+15Mission1\network_240800000_13000_3_3_1_1135.298s.au"),0,1
"3","13000:3:3",1,"",240800000,00:18:56.404,00:18:58.406,2.002,2.000,0.768,=HYPERLINK("au_TACT+15Mission1\network_240800000_13000_3_3_1_1136.404s.au"),0,1
"2","13000:2:2",1,"",240800000,00:18:57.703,00:18:59.473,1.769,1.776,1.000,=HYPERLINK("au_TACT+15Mission1\network_240800000_13000_2_2_1_1137.704s.au"),0,1
"3","13000:3:3",1,"",240800000,00:19:01.362,00:19:02.245,0.884,0.880,1.000,=HYPERLINK("au_TACT+15Mission1\network_240800000_13000_3_3_1_1141.362s.au"),0,1
"2","13000:2:2",1,"",240800000,00:19:03.160,00:19:05.618,2.458,2.464,1.000,=HYPERLINK("au_TACT+15Mission1\network_240800000_13000_2_2_1_1143.160s.au"),0,1
"3","13000:3:3",1,"",240800000,00:19:06.694,00:19:09.957,3.262,3.264,0.824,=HYPERLINK("au_TACT+15Mission1\network_240800000_13000_3_3_1_1146.695s.au"),0,1
"3","13000:3:3",1,"",240800000,00:19:10.209,00:19:11.409,1.199,1.200,1.000,=HYPERLINK("au_TACT+15Mission1\network_240800000_13000_3_3_1_1150.210s.au"),0,1
"3","13000:3:3",1,"",240800000,00:19:12.567,00:19:13.318,0.752,0.752,0.085,=HYPERLINK("au_TACT+15Mission1\network_240800000_13000_3_3_1_1152.567s.au"),0,1
"2","13000:2:2",1,"",240800000,00:19:17.332,00:19:20.876,3.545,3.552,0.833,=HYPERLINK("au_TACT+15Mission1\network_240800000_13000_2_2_1_1157.332s.au"),0,1
"3","13000:3:3",1,"",240800000,00:19:21.801,00:19:24.168,2.368,2.368,1.000,=HYPERLINK("au_TACT+15Mission1\network_240800000_13000_3_3_1_1161.801s.au"),0,1
"3","13000:3:3",1,"",240800000,00:19:26.152,00:19:26.564,0.412,0.416,0.885,=HYPERLINK("au_TACT+15Mission1\network_240800000_13000_3_3_1_1166.153s.au"),0,1
"2","13000:2:2",1,"",240800000,00:19:26.332,00:19:27.327,0.995,0.992,0.919,=HYPERLINK("au_TACT+15Mission1\network_240800000_13000_2_2_1_1166.332s.au"),0,1
"2","13000:2:2",1,"",240800000,00:19:28.058,00:19:29.644,1.585,1.584,0.889,=HYPERLINK("au_TACT+15Mission1\network_240800000_13000_2_2_1_1168.059s.au"),0,1
"2","13000:2:2",1,"",240800000,00:19:32.527,00:19:33.067,0.539,0.544,0.912,=HYPERLINK("au_TACT+15Mission1\network_240800000_13000_2_2_1_1172.528s.au"),0,1
"3","13000:3:3",1,"",240800000,00:19:30.659,00:19:34.165,3.506,3.504,0.685,=HYPERLINK("au_TACT+15Mission1\network_240800000_13000_3_3_1_1170.659s.au"),0,1
"3","13000:3:3",1,"",240800000,00:19:34.712,00:19:35.911,1.199,1.200,1.000,=HYPERLINK("au_TACT+15Mission1\network_240800000_13000_3_3_1_1174.712s.au"),0,1
"2","13000:2:2",1,"",240800000,00:19:37.689,00:19:42.718,5.028,5.024,1.000,=HYPERLINK("au_TACT+15Mission1\network_240800000_13000_2_2_1_1177.690s.au"),0,1
"2","13000:2:2",1,"",240800000,00:19:43.185,00:19:51.057,7.873,7.872,0.943,=HYPERLINK("au_TACT+15Mission1\network_240800000_13000_2_2_1_1183.185s.au"),0,1
"2","13000:2:2",1,"",240800000,00:20:04.141,00:20:16.240,12.099,12.096,0.664,=HYPERLINK("au_TACT+15Mission1\network_240800000_13000_2_2_1_1204.142s.au"),0,1
"2","13000:2:2",1,"",240800000,00:20:19.166,00:20:22.703,3.536,3.536,0.489,=HYPERLINK("au_TACT+15Mission1\network_240800000_13000_2_2_1_1219.167s.au"),0,1
